order_id,customer_id,order_date,total_amount
1001,C001,2023-01-15,39.98
1002,C002,2023-01-16,29.99
1003,C004,2023-01-17,99.95
1004,C003,2023-01-18,119.97
1005,C005,2023-01-19,119.96
1009,C008,2023-01-22,
1010,C009,2023-01-23,0.0
1011,C010,2023-01-24,19.99
1012,C011,2023-01-25,59.98
